{
	"layers": {
		"place":            { "minzoom":  0, "maxzoom": 14 },
		"boundary":         { "minzoom":  0, "maxzoom": 14, "simplify_below": 12, "simplify_level": 0.0003, "simplify_ratio": 2 },

		"poi":              { "minzoom": 12, "maxzoom": 14 },
		"poi_detail":       { "minzoom": 14, "maxzoom": 14, "write_to": "poi"},

		"housenumber":      { "minzoom": 14, "maxzoom": 14 },

		"waterway":         { "minzoom":  8,  "maxzoom": 14, "simplify_below": 12, "simplify_level": 0.0003, "simplify_ratio": 2 },
		"waterway_detail":  { "minzoom": 12,  "maxzoom": 14, "write_to": "waterway" },

		"transportation":             { "minzoom": 4,  "maxzoom": 14, "simplify_below": 13, "simplify_level": 0.0003 },
		"transportation_name":        { "minzoom": 8,  "maxzoom": 14 },
		"transportation_name_mid":    { "minzoom": 12, "maxzoom": 14, "write_to": "transportation_name" },
		"transportation_name_detail": { "minzoom": 14, "maxzoom": 14, "write_to": "transportation_name" },

		"building":          { "minzoom": 13, "maxzoom": 14 },

		"water":             { "minzoom": 6,  "maxzoom": 14, "simplify_below": 12, "simplify_level": 0.0003, "simplify_ratio": 2},
		"ocean":             { "minzoom": 0,  "maxzoom": 14, "source": "coastline/water_polygons.shp", "simplify_below": 13, "simplify_level": 0.0001, "simplify_ratio": 2, "write_to": "water", "index": true },
		"water_name":        { "minzoom": 14, "maxzoom": 14 },
		"water_name_detail": { "minzoom": 14, "maxzoom": 14, "write_to": "water_name" },

		"aeroway":           { "minzoom": 11, "maxzoom": 14 },
		"aerodrome_label":   { "minzoom": 10, "maxzoom": 14 },
		"park":              { "minzoom": 11, "maxzoom": 14 },
		"landuse":           { "minzoom":  4, "maxzoom": 14, "simplify_below": 13, "simplify_level": 0.0003, "simplify_ratio": 2 },
		"urban_areas":       { "minzoom":  4, "maxzoom":  8, "source": "landcover/ne_10m_urban_areas/ne_10m_urban_areas.shp", "source_columns": ["featurecla"], "simplify_below": 7, "simplify_level": 0.0003, "simplify_ratio": 2, "write_to": "landuse" },
		"landcover":         { "minzoom":  0, "maxzoom": 14, "simplify_below": 13, "simplify_level": 0.0003, "simplify_ratio": 2 },
		"ice_shelf":         { "minzoom":  0, "maxzoom":  9, "source": "landcover/ne_10m_antarctic_ice_shelves_polys/ne_10m_antarctic_ice_shelves_polys.shp", "source_columns": ["featurecla"], "simplify_below": 13, "simplify_level": 0.0005, "write_to": "landcover" },
		"glacier":           { "minzoom":  2, "maxzoom":  9, "source": "landcover/ne_10m_glaciated_areas/ne_10m_glaciated_areas.shp", "source_columns": ["featurecla"], "simplify_below": 13, "simplify_level": 0.0005, "write_to": "landcover" },
		"mountain_peak":     { "minzoom": 11, "maxzoom": 14 }
	},
	"settings": {
		"minzoom": 0,
		"maxzoom": 14,
		"basezoom": 14,
		"include_ids": false,
		"combine_below": 14,
		"name": "Tilemaker to OpenMapTiles schema",
		"version": "3.0",
		"description": "Tile config based on OpenMapTiles schema",
		"compress": "gzip",
		"filemetadata": {
			"tilejson": "2.0.0", 
			"scheme": "xyz", 
			"type": "baselayer", 
			"format": "pbf", 
            "tiles": ["https://example.com/liechtenstein/{z}/{x}/{y}.pbf"]
		}
	}
}

